CAMPUS,reading_score_2004
1902103,2392.0
1903101,2263.0
1904102,2242.0
1906102,2218.0
1907110,2200.0
1908101,2210.0
1909101,2304.0
2901104,2268.0
3801001,2152.0
3902102,2280.0
3903120,2274.0
3903121,2310.0
3903122,2233.0
3903123,2236.0
3903129,2169.0
3904102,2248.0
3905101,2245.0
3906101,2261.0
3907102,2254.0
4901101,2220.0
5901101,2302.0
5902101,2247.0
5903001,
5904101,2367.0
6902101,2301.0
7901101,2194.0
7902101,2269.0
7904101,2235.0
7905103,2182.0
7906102,2151.0
8901102,2280.0
8901105,2348.0
8902103,2176.0
8903102,2230.0
9901101,2204.0
10901101,2234.0
10902101,2210.0
10902102,2290.0
11901101,2202.0
11901102,2221.0
11901103,2241.0
11901107,2244.0
11902101,2180.0
11902102,2186.0
11904101,2232.0
11905101,2269.0
12901101,2300.0
13801101,2196.0
13901101,2210.0
13901102,2199.0
13901104,2239.0
13902101,2285.0
13903101,2325.0
13905101,2222.0
14803101,2033.0
14804001,
14901101,2218.0
14902101,2162.0
14903102,2267.0
14903103,2156.0
14903104,2182.0
14903108,2273.0
14903109,2296.0
14903111,2282.0
14905101,2246.0
14906022,
14906102,2343.0
14906103,2205.0
14906104,2252.0
14906105,2212.0
14906106,2244.0
14906108,2249.0
14906109,2243.0
14906110,2248.0
14906111,2234.0
14906112,2173.0
14906113,2215.0
14906115,2244.0
14906116,2196.0
14906119,2183.0
14906120,2200.0
14906121,2271.0
14906122,2248.0
14906123,2227.0
14906124,2298.0
14906125,2243.0
14906126,2242.0
14906127,2190.0
14906128,2238.0
14906129,2200.0
14906130,2278.0
14906131,2219.0
14907102,2249.0
14908101,2252.0
14909102,2305.0
14909107,2247.0
14909110,2131.0
14909111,2276.0
14909114,2201.0
14909115,2256.0
14909116,2112.0
14909117,2205.0
14909118,2183.0
14910101,2233.0
15803101,2349.0
15805101,2128.0
15806101,2183.0
15806103,2195.0
15809101,2166.0
15811101,2082.0
15815001,2134.0
15815101,2060.0
15819001,1976.0
15819101,
15819102,2094.0
15820001,2123.0
15822001,2165.0
15824001,2120.0
15825101,2115.0
15901101,2296.0
15901104,2303.0
15904101,2246.0
15904102,2238.0
15904103,2240.0
15904104,2260.0
15904105,2200.0
15904106,2164.0
15904107,2146.0
15904108,2200.0
15904109,2218.0
15904110,2228.0
15904111,2168.0
15904113,2231.0
15904114,2198.0
15904116,2272.0
15905101,2203.0
15905102,2096.0
15905104,2231.0
15905105,2126.0
15905106,2202.0
15905107,2174.0
15905108,2217.0
15905109,2127.0
15905112,2178.0
15905114,2192.0
15905115,2167.0
15905116,2173.0
15905117,2158.0
15906101,2287.0
15907101,2265.0
15907102,2183.0
15907103,2156.0
15907105,2265.0
15907106,2196.0
15907107,2238.0
15907108,2148.0
15907109,2180.0
15907110,2141.0
15907111,2128.0
15907112,2275.0
15907114,2109.0
15907115,2099.0
15907116,2143.0
15907117,2117.0
15907118,2143.0
15907119,2195.0
15907121,2148.0
15907123,2146.0
15907124,2171.0
15907125,2203.0
15907126,2207.0
15907127,2110.0
15907129,2165.0
15907131,2156.0
15907132,2107.0
15907134,2146.0
15907135,2168.0
15907136,2133.0
15907137,2105.0
15907139,2229.0
15907140,2154.0
15907141,2230.0
15907143,2118.0
15907144,2167.0
15907145,2115.0
15907146,2207.0
15907147,2140.0
15907148,2233.0
15907149,2209.0
15907150,2168.0
15907153,2190.0
15907155,2127.0
15907156,2151.0
15907157,2137.0
15907158,2144.0
15907159,2195.0
15907160,2166.0
15907161,2195.0
15907162,2157.0
15907164,2167.0
15907165,2089.0
15907167,2178.0
15907168,2175.0
15907169,2172.0
15907170,2173.0
15907171,2142.0
15907172,2126.0
15907173,2106.0
15907174,2181.0
15907175,2154.0
15907176,2205.0
15907179,2237.0
15907184,
15907194,
15908101,2160.0
15908104,2161.0
15908105,2177.0
15908106,2210.0
15908107,2156.0
15908108,2162.0
15908109,2194.0
15908110,2131.0
15908112,2220.0
15908113,2218.0
15909101,2163.0
15909104,2150.0
15910071,
15910101,2329.0
15910102,2283.0
15910103,2195.0
15910104,2198.0
15910105,2235.0
15910106,2253.0
15910107,2227.0
15910108,2218.0
15910109,2359.0
15910110,2231.0
15910111,2240.0
15910112,2216.0
15910113,2210.0
15910114,2167.0
15910115,2215.0
15910116,2216.0
15910117,2226.0
15910118,2170.0
15910119,2200.0
15910120,2182.0
15910121,2253.0
15910122,2149.0
15910123,2375.0
15910124,2286.0
15910125,2240.0
15910126,2307.0
15910127,2224.0
15910128,2327.0
15910129,2334.0
15910130,2300.0
15910131,2337.0
15910133,2371.0
15910134,2265.0
15910135,2305.0
15910136,2356.0
15910137,2293.0
15910138,2306.0
15910139,2354.0
15911101,2250.0
15911102,2214.0
15911103,2220.0
15911104,2256.0
15911106,2190.0
15912101,2172.0
15912102,2188.0
15912103,2160.0
15912104,2256.0
15912105,2160.0
15912106,2133.0
15912107,2274.0
15912108,2213.0
15912109,2253.0
15913101,2262.0
15914101,2275.0
15915101,2132.0
15915102,2211.0
15915103,2215.0
15915104,2285.0
15915105,2165.0
15915106,2180.0
15915108,2259.0
15915109,2293.0
15915111,2169.0
15915112,2216.0
15915113,2180.0
15915114,2169.0
15915115,2253.0
15915116,2232.0
15915117,2198.0
15915118,2191.0
15915119,2222.0
15915122,2160.0
15915123,2194.0
15915124,2188.0
15915125,2247.0
15915128,2189.0
15915131,2224.0
15915132,2212.0
15915134,2293.0
15915135,2201.0
15915136,2259.0
15915137,
15915138,2219.0
15915143,2277.0
15915144,2269.0
15915145,2237.0
15915149,2242.0
15915150,2228.0
15915151,2264.0
15915152,2341.0
15915156,2205.0
15915157,2276.0
15915158,2157.0
15915160,2219.0
15915161,2262.0
15915162,2205.0
15915165,2231.0
15915166,2233.0
15915167,2221.0
15915168,2248.0
15915169,2251.0
15915170,2264.0
15915180,2318.0
15915181,2344.0
15915183,2225.0
15916101,2272.0
15916102,2213.0
15916103,2216.0
15916104,2230.0
15916105,2145.0
15916106,2227.0
15916107,2259.0
15916109,2244.0
15916110,2265.0
15916111,2229.0
15916112,2169.0
15916113,2215.0
15916114,2206.0
15916115,2131.0
15917103,2179.0
15917104,2259.0
15917105,2243.0
16901101,2250.0
16902101,2267.0
17901001,2339.0
18901103,2242.0
18902101,2283.0
18903001,1999.0
18904101,2264.0
18905001,2199.0
18906001,2174.0
18907001,2299.0
18908001,
19901102,2356.0
19902102,2286.0
19903001,2257.0
19905101,2274.0
19906102,2165.0
19907105,2268.0
19907108,2222.0
19907109,2289.0
19907111,2277.0
19907113,2242.0
19907115,2181.0
19908103,2222.0
19909101,2219.0
19910101,2367.0
19911101,2384.0
19912102,2346.0
19913101,2297.0
19914101,2226.0
20901101,2273.0
20901104,2220.0
20901105,2262.0
20901107,2232.0
20901108,2196.0
20901109,2275.0
20901110,2256.0
20902102,2312.0
20902103,2236.0
20902104,2239.0
20902108,2236.0
20902109,2279.0
20904101,2266.0
20905101,2252.0
20905102,2339.0
20905104,2190.0
20905106,2174.0
20905107,2260.0
20905108,2210.0
20905109,2347.0
20905110,2159.0
20905111,2296.0
20905113,2281.0
20905114,2216.0
20906104,2246.0
20907102,2313.0
20907106,2311.0
20907107,2273.0
20908101,2214.0
20908102,2292.0
20908103,2326.0
20908104,2291.0
20908106,2286.0
20908107,2279.0
20908109,2288.0
20908110,2362.0
20910101,2277.0
21803001,
21901101,2288.0
21901102,2318.0
21901104,2321.0
21901105,2300.0
21901107,2336.0
21902101,2195.0
21902103,2265.0
21902105,2174.0
21902106,2181.0
21902107,2203.0
21902108,2333.0
21902110,2256.0
21902112,2355.0
21902113,2171.0
21902114,2238.0
21902115,2143.0
21902117,2372.0
21902118,2171.0
21902119,2205.0
22004101,2055.0
22901101,2250.0
22902001,
22903101,
23902001,2335.0
24801101,2328.0
24901101,2172.0
25901101,2324.0
25902101,2277.0
25904101,2082.0
25905101,2233.0
25906101,2203.0
25908101,2244.0
25909101,2308.0
26901042,2252.0
26902101,2232.0
26903101,2263.0
27903102,2327.0
27903104,2268.0
27904101,2237.0
27904103,2258.0
28902101,2233.0
28902103,2217.0
28902104,2203.0
28903101,2208.0
28906001,2179.0
29901101,2316.0
29901102,2291.0
29901104,2272.0
29901105,2353.0
29901107,2219.0
30901101,2303.0
30902103,2241.0
30903101,2167.0
30906101,2165.0
31901101,2162.0
31901102,2200.0
31901103,2208.0
31901104,2225.0
31901105,2161.0
31901106,2180.0
31901108,2226.0
31901109,2220.0
31901110,2277.0
31901111,2257.0
31901112,2168.0
31901113,2131.0
31901115,2195.0
31901116,2187.0
31901117,2200.0
31901120,2157.0
31901121,2160.0
31901122,2220.0
31901123,2234.0
31901124,2142.0
31901126,2134.0
31901128,2160.0
31901129,2202.0
31901130,2199.0
31901131,2129.0
31901132,2184.0
31901133,2229.0
31901134,2200.0
31901135,2202.0
31901136,2162.0
31901137,2252.0
31901138,2242.0
31903102,2238.0
31903103,2195.0
31903104,2203.0
31903105,2198.0
31903106,2214.0
31903107,2227.0
31903108,2208.0
31903109,2228.0
31903110,2241.0
31903111,2307.0
31903112,2194.0
31903114,2206.0
31903116,2187.0
31903117,2307.0
31903120,2202.0
31905105,2186.0
31906101,2218.0
31906102,2203.0
31906103,2199.0
31906104,2238.0
31906106,2253.0
31906107,2200.0
31909101,2232.0
31911103,2160.0
31912101,2188.0
31912103,2232.0
31912104,2289.0
31912106,2226.0
31912108,2210.0
31912109,2167.0
31912110,2252.0
31912112,2139.0
31912114,2226.0
31912115,2215.0
31913101,2193.0
31914101,2166.0
32902103,2189.0
33901001,2189.0
33902101,2347.0
33904102,2265.0
34901106,2265.0
34902101,2179.0
34903101,2211.0
34905102,2322.0
34906101,2291.0
34907101,2285.0
34908102,
34909101,2223.0
35901041,2158.0
35902101,2128.0
35903001,2265.0
36901101,2254.0
36902101,2284.0
36903101,2226.0
37901101,2227.0
37904004,
37904102,2290.0
37904103,2200.0
37904104,2201.0
37904105,2137.0
37907100,2189.0
37908001,2108.0
37909101,2185.0
38901102,2229.0
39901001,2236.0
39902101,2248.0
39903101,2204.0
39904001,2190.0
39905001,2139.0
40901102,2106.0
40902101,2346.0
41901101,2178.0
41902101,2344.0
42901102,2231.0
42903101,2192.0
42905101,2313.0
42906001,2096.0
43901101,2331.0
43901102,2233.0
43901104,2299.0
43901105,2273.0
43901106,2339.0
43901107,2349.0
43901108,2386.0
43901109,2309.0
43901110,2344.0
43901111,2380.0
43901112,2270.0
43902101,2222.0
43903042,2235.0
43904102,2277.0
43905102,2319.0
43905103,2353.0
43905104,2336.0
43905105,2355.0
43905106,2241.0
43905107,2336.0
43905108,2294.0
43905109,2334.0
43905110,2297.0
43905111,2300.0
43905112,2308.0
43905113,2314.0
43905114,2270.0
43905115,2280.0
43907102,2245.0
43907104,2254.0
43907105,2263.0
43907107,2187.0
43907108,2403.0
43907109,2354.0
43907110,2351.0
43907111,2294.0
43907112,2393.0
43907113,2377.0
43907115,2363.0
43907116,2348.0
43907117,2342.0
43907118,2252.0
43907119,2242.0
43907120,2357.0
43908102,2197.0
43910101,2306.0
43910102,2219.0
43910103,2245.0
43910104,2292.0
43910105,2233.0
43910106,2309.0
43910108,2282.0
43910109,2241.0
43910111,2330.0
43910112,2226.0
43910113,2238.0
43910114,2382.0
43910115,2324.0
43910116,2312.0
43910117,2256.0
43910118,2309.0
43910119,2336.0
43910120,2310.0
43910121,2325.0
43910122,2410.0
43910123,2363.0
43910124,2287.0
43910125,2327.0
43910126,2329.0
43910127,2312.0
43910128,2314.0
43910129,2320.0
43910130,2347.0
43910131,2324.0
43910132,2365.0
43910133,2379.0
43910134,2361.0
43910136,2332.0
43910138,2360.0
43910139,2305.0
43910140,2315.0
43910141,2350.0
43910142,2292.0
43910143,2211.0
43910144,2373.0
43911102,2288.0
43912101,2315.0
43914101,2226.0
43914102,2247.0
43914103,2238.0
43914104,2285.0
43914105,2254.0
43917101,2225.0
43918042,2268.0
43919101,2368.0
43919102,2329.0
44902101,2294.0
44904001,2391.0
45902101,2227.0
45903101,2195.0
45903102,2266.0
45903103,2303.0
45905102,2140.0
46801001,
46901103,2273.0
46901104,2259.0
46901108,2263.0
46902101,2320.0
46902102,2241.0
46902105,2262.0
46902107,2272.0
46902108,2251.0
46902111,2320.0
46902112,2338.0
46902113,2298.0
47901101,2256.0
47902101,2266.0
47903001,2255.0
47905001,2208.0
48901101,2219.0
48903001,2278.0
49901107,2190.0
49902101,2323.0
49903101,2286.0
49905101,2252.0
49906001,2137.0
49907101,2294.0
49908101,
49909101,2238.0
50901101,2169.0
50902103,2278.0
50904001,2278.0
50909001,2165.0
50910101,2234.0
50910102,2231.0
50910103,2254.0
50910105,2277.0
50910106,2308.0
50910108,2324.0
50910109,2300.0
51901001,2120.0
52901101,2207.0
53001101,2257.0
54901101,2203.0
54902102,2115.0
54903102,2210.0
55901102,2147.0
56901105,2199.0
56902001,2242.0
57803041,2363.0
57806101,2102.0
57807001,2195.0
57807101,2304.0
57808101,2179.0
57808102,2334.0
57810101,2073.0
57811101,2081.0
57813101,2133.0
57814001,
57815001,2083.0
57816101,2232.0
57817101,1973.0
57818001,
57819001,2071.0
57821101,2110.0
57825001,2274.0
57825008,
57825012,2013.0
57827101,2219.0
57829001,2112.0
57830001,2043.0
57830002,1979.0
57831001,2118.0
57832001,2165.0
57833001,2188.0
57835001,2137.0
57836101,2184.0
57903102,2203.0
57903103,2198.0
57903105,2288.0
57903106,2202.0
57903108,2282.0
57903109,2177.0
57903110,2279.0
57903111,2252.0
57903112,2355.0
57903113,2230.0
57903114,2372.0
57903116,2260.0
57903118,2323.0
57903120,2274.0
57903121,2241.0
57903122,2348.0
57903123,2245.0
57903124,2306.0
57903125,2221.0
57903126,2337.0
57903129,2218.0
57903131,2199.0
57904101,2297.0
57904102,2238.0
57904104,2261.0
57904105,2175.0
57904107,2241.0
57904108,2282.0
57905099,
57905101,2111.0
57905103,2140.0
57905104,2117.0
57905105,2141.0
57905106,2191.0
57905108,2159.0
57905109,2147.0
57905110,2130.0
57905112,2076.0
57905113,2291.0
57905114,2277.0
57905115,2470.0
57905116,2114.0
57905117,2195.0
57905118,2182.0
57905119,2105.0
57905120,2156.0
57905121,2173.0
57905124,2196.0
57905125,2201.0
57905126,2192.0
57905127,2168.0
57905128,2244.0
57905129,2122.0
57905130,2114.0
57905131,2095.0
57905132,2218.0
57905133,2093.0
57905134,2267.0
57905135,2256.0
57905136,2146.0
57905137,2101.0
57905139,2177.0
57905140,2142.0
57905141,2127.0
57905142,2233.0
57905144,2157.0
57905145,2173.0
57905147,2153.0
57905148,2256.0
57905149,2157.0
57905150,2184.0
57905152,2123.0
57905153,2206.0
57905156,2105.0
57905157,2079.0
57905158,2123.0
57905159,2190.0
57905160,2066.0
57905161,2044.0
57905162,2350.0
57905163,2267.0
57905164,2145.0
57905166,2146.0
57905167,2184.0
57905168,2120.0
57905169,2190.0
57905170,2187.0
57905171,2274.0
57905173,2181.0
57905174,2137.0
57905175,2133.0
57905178,2249.0
57905180,2187.0
57905181,2105.0
57905182,2122.0
57905183,2109.0
57905184,2215.0
57905185,2295.0
57905186,2182.0
57905187,2061.0
57905189,2057.0
57905190,2194.0
57905192,2128.0
57905193,2145.0
57905194,2182.0
57905195,2172.0
57905196,2140.0
57905197,2103.0
57905198,2175.0
57905199,2192.0
57905200,2174.0
57905201,2289.0
57905202,2155.0
57905203,2162.0
57905204,2171.0
57905205,2188.0
57905206,2177.0
57905207,2083.0
57905209,2070.0
57905210,2148.0
57905211,2142.0
57905212,2216.0
57905213,2111.0
57905214,2155.0
57905215,2164.0
57905216,2096.0
57905217,2360.0
57905218,2124.0
57905219,2207.0
57905220,2153.0
57905222,2094.0
57905223,2171.0
57905224,2231.0
57905225,2183.0
57905226,2190.0
57905228,2145.0
57905229,2183.0
57905230,2160.0
57905232,2195.0
57905233,2275.0
57905235,2107.0
57905236,2166.0
57905237,2138.0
57905250,2205.0
57905251,2274.0
57905253,
57905256,2102.0
57905262,2158.0
57905263,2231.0
57905264,2130.0
57905265,2118.0
57905267,2270.0
57905268,2096.0
57905269,2158.0
57905270,2143.0
57905271,2148.0
57905272,2133.0
57905273,2193.0
57905274,2168.0
57905275,2138.0
57905276,2112.0
57905277,2130.0
57905280,2153.0
57905281,2115.0
57905283,2112.0
57906102,2224.0
57906103,2185.0
57906107,2140.0
57906108,2186.0
57906109,2164.0
57907101,2244.0
57907102,2219.0
57907103,2190.0
57907104,2227.0
57907105,2306.0
57907106,2250.0
57907107,2250.0
57907111,2270.0
57907112,2182.0
57909101,2347.0
57909102,2235.0
57909103,2232.0
57909105,2243.0
57909107,2230.0
57909108,2190.0
57909109,2129.0
57909110,2199.0
57909111,2415.0
57909112,2270.0
57909113,2281.0
57909115,2338.0
57909116,2223.0
57909117,2122.0
57909119,2242.0
57909120,2209.0
57909121,2227.0
57909122,2430.0
57909123,2188.0
57909124,2181.0
57909125,2356.0
57909126,2283.0
57909127,2283.0
57909128,2213.0
57909129,2288.0
57909132,2228.0
57909133,2208.0
57909134,2266.0
57909136,2230.0
57909137,2267.0
57909138,2254.0
57909139,2315.0
57909140,2320.0
57909141,2246.0
57909142,2277.0
57909143,2317.0
57909144,2300.0
57909145,2206.0
57909146,2260.0
57909147,2254.0
57909148,2309.0
57909154,2276.0
57909155,2241.0
57910101,2211.0
57910102,2238.0
57910103,2170.0
57910104,2228.0
57910105,2208.0
57910106,2252.0
57910107,2238.0
57910109,2188.0
57910111,2138.0
57910113,2226.0
57910116,2227.0
57910118,2150.0
57910119,2251.0
57910120,2250.0
57910121,2269.0
57910122,2185.0
57910123,2307.0
57910124,2193.0
57910125,2213.0
57910126,2240.0
57910127,2140.0
57911101,2387.0
57911102,2425.0
57911103,2408.0
57911104,2413.0
57912101,2228.0
57912102,2189.0
57912103,2167.0
57912104,
57912105,2202.0
57912106,2157.0
57912107,2163.0
57912108,2203.0
57912109,2195.0
57912111,2223.0
57912112,2208.0
57912113,2200.0
57912114,2133.0
57912116,2244.0
57912118,2195.0
57912119,2266.0
57912120,2228.0
57912121,2214.0
57912122,2229.0
57912123,2156.0
57913101,2201.0
57913103,2152.0
57913106,2113.0
57913107,2138.0
57914101,2238.0
57914102,2195.0
57914103,2227.0
57914104,2193.0
57914105,2221.0
57914106,2127.0
57914107,2252.0
57914108,2293.0
57914109,2296.0
57914110,2251.0
57914111,2233.0
57914112,2237.0
57914113,2228.0
57914114,2230.0
57914115,2264.0
57914116,2224.0
57914117,2306.0
57914118,2207.0
57914119,2307.0
57914120,2231.0
57914121,2272.0
57914122,2397.0
57914123,2236.0
57914124,2274.0
57914125,2260.0
57914126,2194.0
57914127,2248.0
57914128,2181.0
57914129,2297.0
57914130,2291.0
57916101,2285.0
57916102,2348.0
57916103,2224.0
57916104,2258.0
57916105,2258.0
57916106,2200.0
57916107,2212.0
57916108,2380.0
57916109,2260.0
57916110,2273.0
57916111,2264.0
57916112,2171.0
57916113,2138.0
57916114,2224.0
57916115,2224.0
57916116,2190.0
57916117,2267.0
57916118,2347.0
57916120,2258.0
57916121,2194.0
57916122,2343.0
57916123,2426.0
57916124,2209.0
57916125,2279.0
57916126,2147.0
57916127,2295.0
57916128,2425.0
57916129,2307.0
57916130,2212.0
57916131,2293.0
57916132,2265.0
57916133,2259.0
57916134,2248.0
57916135,2187.0
57916137,2191.0
57916141,2273.0
57916142,2233.0
57916143,2161.0
57916144,2093.0
57919101,2302.0
57920101,2301.0
57920104,2229.0
57920108,2168.0
57920112,2062.0
57922101,2361.0
57922102,2300.0
57922103,2355.0
57922105,2311.0
57922106,2402.0
57922107,2391.0
57922108,2373.0
57922109,2325.0
57922110,2310.0
57922111,2378.0
58902001,2193.0
58905001,2315.0
58906103,2210.0
58909001,2267.0
59901102,2226.0
59901103,2163.0
59902101,2256.0
60902101,2237.0
60914102,2228.0
61901102,2298.0
61901104,2224.0
61901105,2228.0
61901106,2266.0
61901107,2265.0
61901108,2207.0
61901109,2307.0
61901110,2243.0
61901111,2203.0
61901112,2157.0
61901113,2312.0
61901115,2307.0
61901116,2305.0
61902005,
61902101,2139.0
61902102,2192.0
61902104,2208.0
61902105,2202.0
61902106,2251.0
61902107,2234.0
61902108,2291.0
61902109,2221.0
61902110,2329.0
61902111,2229.0
61902112,2311.0
61902113,2261.0
61902114,2324.0
61902115,2311.0
61902116,2241.0
61902117,2358.0
61902118,2269.0
61902119,2279.0
61902120,2324.0
61902121,2312.0
61902122,2318.0
61902123,2334.0
61902124,2318.0
61902125,2267.0
61902126,2341.0
61902127,2278.0
61902128,2395.0
61902129,2379.0
61902130,2318.0
61902131,2259.0
61902132,2289.0
61902133,2309.0
61902135,2310.0
61902136,2306.0
61902138,2261.0
61902139,2229.0
61903102,2232.0
61905102,2199.0
61906101,2285.0
61907101,2295.0
61908101,2234.0
61910101,2300.0
61911101,2308.0
61911102,2319.0
61911106,2356.0
61911107,2263.0
61911108,2246.0
61911109,2334.0
61911110,2243.0
61911111,2389.0
61912101,2224.0
61912103,2250.0
61914102,2230.0
61914104,2266.0
61914105,2252.0
62901101,2243.0
62902001,
62903102,2221.0
62904102,2272.0
62905101,
62906101,2384.0
63903001,2227.0
63906001,
64903101,2109.0
64903102,2215.0
64903104,2118.0
65901101,2236.0
65902001,2261.0
66005101,2033.0
66901041,2238.0
66902102,2117.0
66903102,2175.0
67902101,2214.0
67903101,2269.0
67904101,2298.0
67907101,2266.0
67908101,2209.0
68901101,2225.0
68901102,2156.0
68901103,2186.0
68901104,2237.0
68901105,2229.0
68901107,2178.0
68901110,2170.0
68901111,2269.0
68901112,2207.0
68901113,2215.0
68901114,2224.0
68901116,2218.0
68901117,2250.0
68901118,2432.0
68901119,2256.0
68901121,2215.0
68901122,2183.0
68901123,2212.0
68901124,2229.0
68901125,2187.0
68901126,2208.0
68901127,2179.0
68901128,2282.0
68901129,2261.0
68901130,2233.0
69901101,2267.0
69902101,2214.0
70801001,2180.0
70901001,2206.0
70903043,
70903105,2243.0
70905104,2238.0
70907101,2172.0
70908103,2222.0
70908104,2200.0
70908105,2315.0
70908106,2288.0
70909001,2222.0
70910042,2194.0
70911101,2190.0
70911102,2227.0
70911103,2288.0
70911105,2280.0
70912104,2272.0
70912106,2253.0
70912107,2299.0
70912108,2252.0
70915042,2255.0
71801001,2290.0
71805001,2116.0
71901043,2145.0
71901101,2217.0
71901102,2175.0
71901103,2168.0
71901104,2189.0
71902101,2150.0
71902102,2214.0
71902104,2187.0
71902105,2236.0
71902106,2159.0
71902107,2213.0
71902108,2233.0
71902109,2182.0
71902110,2196.0
71902111,2216.0
71902112,2230.0
71902113,2151.0
71902114,2190.0
71902115,2243.0
71902116,2185.0
71902118,2283.0
71902119,2197.0
71902121,2226.0
71902122,2180.0
71902123,2187.0
71902125,2170.0
71902128,2212.0
71902129,2198.0
71902130,2311.0
71902131,2253.0
71902133,2180.0
71902134,2218.0
71902135,2220.0
71902136,2137.0
71902137,2204.0
71902138,2171.0
71902140,2223.0
71902141,2129.0
71902142,2202.0
71902143,2150.0
71902144,2204.0
71902145,2153.0
71902146,2230.0
71902147,2234.0
71902148,2198.0
71902149,2249.0
71902150,2211.0
71902151,2264.0
71902153,2189.0
71902155,2155.0
71902156,2266.0
71902158,2223.0
71902159,2314.0
71902160,2210.0
71902161,2242.0
71902162,2257.0
71902163,2243.0
71902165,2169.0
71902166,2295.0
71902167,2178.0
71903103,2189.0
71904101,2190.0
71904103,2132.0
71904104,2159.0
71905101,2212.0
71905102,2217.0
71905103,2175.0
71905104,2241.0
71905105,2229.0
71905106,2236.0
71905107,2219.0
71905108,2218.0
71905109,2231.0
71905110,2152.0
71905111,2220.0
71905112,2201.0
71905113,2162.0
71905114,2113.0
71905116,2181.0
71905117,2255.0
71905118,2234.0
71905119,2193.0
71905120,2220.0
71905121,2143.0
71905122,2152.0
71905123,2169.0
71905124,2255.0
71905127,2142.0
71905128,2264.0
71905129,2264.0
71905130,2162.0
71905131,2163.0
71905132,2236.0
71905133,2189.0
71905135,2227.0
71905136,2271.0
71905139,2103.0
71905141,2290.0
71905142,2220.0
71906101,2279.0
71907101,2263.0
71907102,2240.0
71907103,2266.0
71907104,2256.0
71908044,2076.0
71909101,2185.0
71909102,2176.0
71909103,2163.0
71909104,2224.0
71909105,2216.0
71909106,2299.0
71909107,2149.0
71909109,2154.0
71909111,2168.0
71909112,2279.0
71909113,2229.0
71909114,2222.0
71909115,2224.0
71909116,2183.0
71909117,2190.0
71909119,2201.0
71909120,2186.0
71909121,2218.0
71909122,2178.0
71909123,2180.0
72901101,2233.0
72902102,2211.0
72903104,2278.0
72904101,
72908001,2255.0
72909001,2200.0
72910101,2284.0
73901001,2193.0
73903102,2157.0
73904101,2342.0
73905101,2202.0
73905102,2277.0
74903102,2199.0
74904001,2348.0
74905101,2291.0
74907101,2196.0
74909102,2197.0
74911101,2299.0
74912101,2216.0
74917101,2236.0
75901102,2302.0
75902102,2203.0
75903102,2297.0
75906101,2297.0
75908101,2339.0
76903101,2197.0
76904101,2349.0
77901102,2146.0
77902101,2187.0
78901101,2136.0
79901101,2198.0
79901102,2212.0
79901105,2182.0
79901107,2230.0
79901108,2277.0
79901109,2245.0
79901110,2293.0
79901111,2230.0
79901112,2175.0
79901114,2378.0
79901115,2306.0
79901116,2182.0
79901117,2131.0
79901118,2152.0
79901119,2327.0
79901120,2339.0
79906103,2259.0
79907101,2137.0
79907102,2290.0
79907108,2185.0
79907109,2228.0
79907110,2342.0
79907111,2172.0
79907112,2287.0
79907113,2141.0
79907114,2240.0
79907115,2210.0
79907116,2166.0
79907117,2334.0
79907118,2227.0
79907119,2347.0
79907120,2371.0
79907121,2305.0
79907122,2154.0
79907123,2267.0
79907124,2314.0
79907125,2299.0
79907126,2313.0
79907127,2270.0
79907128,2312.0
79907129,2209.0
79907130,2370.0
79907131,2161.0
79907132,2340.0
79907133,2257.0
79907134,2172.0
79907135,2394.0
79907136,2324.0
79907137,2327.0
79907138,2233.0
79907139,2246.0
79907140,2275.0
79907141,2209.0
79908101,2112.0
79910103,2236.0
80901102,2252.0
81902101,2187.0
81904103,2162.0
81905102,2199.0
81906101,2336.0
82902101,2179.0
82903103,2208.0
83901101,2224.0
83902001,
83903101,2296.0
84801101,2243.0
84901101,2179.0
84901105,2260.0
84901106,2182.0
84901107,2199.0
84902101,2166.0
84902102,2320.0
84902103,2152.0
84902104,2115.0
84902105,2167.0
84902106,2253.0
84902107,2218.0
84902108,2177.0
84902109,2042.0
84903101,2186.0
84904101,2229.0
84904102,2222.0
84904105,2139.0
84904107,2182.0
84906102,2201.0
84906103,2173.0
84906104,2285.0
84906105,2197.0
84908103,2171.0
84909102,2223.0
84910101,2276.0
84910102,2303.0
84910103,2240.0
84910104,2282.0
84910105,2328.0
84910106,2309.0
84910107,2191.0
84910108,2281.0
84910110,2284.0
84910111,2318.0
84910112,2299.0
84910115,2295.0
84910116,2324.0
84910117,2365.0
84910118,2390.0
84910119,2264.0
84910120,2308.0
84910121,2350.0
84910122,2330.0
84910123,2297.0
84910124,2348.0
84910125,2246.0
84911103,2324.0
84911104,2324.0
85902101,2232.0
85903001,2351.0
86024101,
86901102,2282.0
86901103,2287.0
86902101,2324.0
87901101,2378.0
88902102,2279.0
89901102,2215.0
89903101,2217.0
89905102,2098.0
90902001,2212.0
90903001,2266.0
90904101,2295.0
90904105,2199.0
90904107,2220.0
90904108,2154.0
90905101,2149.0
91901101,2273.0
91902101,2318.0
91903102,2359.0
91903103,2307.0
91903104,2336.0
91903107,2281.0
91903112,2379.0
91903113,2295.0
91903114,2254.0
91905101,2252.0
91906101,
91906104,2242.0
91906105,2328.0
91906106,2258.0
91906107,2302.0
91906108,2302.0
91906109,2240.0
91907101,2179.0
91908101,2320.0
91909101,2236.0
91910101,2356.0
91913105,2309.0
91914101,2245.0
91917101,2319.0
91918101,2336.0
92901105,2228.0
92902107,2221.0
92903101,2202.0
92903105,2290.0
92903106,2146.0
92903108,2124.0
92903112,2229.0
92903113,2229.0
92903114,2159.0
92903117,2395.0
92904102,2227.0
92906102,2241.0
92907101,2280.0
92908103,2276.0
93901101,2191.0
93903101,2221.0
93904041,2181.0
93905101,2277.0
94901103,2213.0
94901104,2141.0
94901105,2241.0
94901106,2231.0
94901108,2218.0
94901109,2278.0
94901110,2238.0
94902101,2180.0
94902102,2183.0
94902103,2206.0
94902110,2278.0
94902111,2237.0
94902112,2238.0
94903101,2290.0
94904102,2246.0
95901101,2227.0
95902001,2228.0
95903102,2248.0
95904101,2252.0
95905102,2259.0
95905103,2242.0
95905105,2242.0
95905106,2199.0
95905108,2285.0
95905109,2233.0
96904101,2210.0
96905001,2268.0
97902102,2221.0
97903101,2217.0
98901101,2270.0
98903101,2253.0
98904101,2260.0
99902101,2194.0
99903102,2228.0
100903101,2187.0
100904102,2224.0
100905105,2244.0
100907103,2229.0
100908101,2191.0
101801102,2142.0
101802101,2149.0
101803101,2238.0
101805101,2184.0
101806001,2206.0
101806101,
101807101,2299.0
101809101,2210.0
101811001,
101811003,
101814101,2158.0
101814102,2277.0
101814103,2069.0
101815101,2273.0
101819001,2210.0
101820001,2131.0
101823101,2252.0
101828101,2140.0
101829101,2151.0
101830101,2121.0
101835101,
101840101,2076.0
101847101,2200.0
101848101,2198.0
101849041,2121.0
101850101,2082.0
101851001,2037.0
101902102,2208.0
101902103,2201.0
101902105,2196.0
101902106,2202.0
101902107,2196.0
101902109,2188.0
101902110,2252.0
101902111,2225.0
101902112,2276.0
101902113,2171.0
101902114,2137.0
101902115,2178.0
101902116,2149.0
101902117,2217.0
101902118,2208.0
101902119,2196.0
101902120,2224.0
101902121,2219.0
101902122,2202.0
101902123,2251.0
101902124,2228.0
101902125,2173.0
101902126,2195.0
101902127,2164.0
101902128,2187.0
101902129,2143.0
101902130,2164.0
101902131,2142.0
101903101,2133.0
101903102,2176.0
101903103,2191.0
101903104,2173.0
101903105,2188.0
101903106,2202.0
101903107,2168.0
101903108,2215.0
101903109,2226.0
101903110,2159.0
101903111,2191.0
101903112,2170.0
101903113,2205.0
101903114,2199.0
101903115,2169.0
101903116,2187.0
101903117,2216.0
101903118,2125.0
101903119,2314.0
101903120,2184.0
101903121,2138.0
101903122,2166.0
101903144,
101903199,
101905101,2218.0
101905102,2230.0
101906101,2268.0
101907101,2179.0
101907103,2238.0
101907104,2248.0
101907105,2300.0
101907106,2181.0
101907107,2279.0
101907108,2263.0
101907109,2295.0
101907110,2254.0
101907111,2186.0
101907112,2210.0
101907113,2187.0
101907115,2261.0
101907116,2319.0
101907117,2134.0
101907118,2256.0
101907119,2263.0
101907120,2235.0
101907121,2234.0
101907122,2240.0
101907124,2266.0
101907125,2239.0
101907126,2355.0
101907127,2142.0
101907128,2225.0
101907129,2238.0
101907130,2348.0
101907131,2259.0
101907132,2184.0
101907133,2340.0
101907134,2252.0
101907135,2301.0
101907136,2279.0
101907137,2218.0
101907138,2308.0
101907139,2257.0
101907140,2319.0
101907141,2195.0
101908101,2256.0
101908102,2236.0
101908104,2278.0
101908105,2320.0
101908107,2247.0
101908108,2322.0
101909102,2211.0
101909103,2101.0
101909104,2275.0
101909106,2168.0
101909108,2078.0
101909109,2124.0
101910101,2250.0
101910102,2197.0
101910104,2187.0
101910105,2146.0
101910106,2237.0
101910107,2175.0
101910108,2222.0
101910109,2250.0
101910110,2129.0
101910111,2295.0
101910112,2198.0
101910113,2217.0
101910114,2214.0
101911101,2221.0
101911102,2294.0
101911103,2197.0
101911105,2190.0
101911107,2198.0
101911108,2264.0
101911111,2135.0
101911112,2170.0
101911113,2179.0
101911114,2254.0
101911115,2177.0
101911116,
101911118,2267.0
101911120,2226.0
101912013,
101912102,2140.0
101912103,2101.0
101912104,2158.0
101912105,2162.0
101912106,2190.0
101912107,2219.0
101912108,2260.0
101912109,2086.0
101912110,2092.0
101912111,2186.0
101912112,2103.0
101912113,2157.0
101912114,1972.0
101912115,2219.0
101912116,2310.0
101912117,2210.0
101912118,2195.0
101912119,2160.0
101912120,2219.0
101912121,2161.0
101912122,2250.0
101912123,2264.0
101912124,2149.0
101912125,2235.0
101912127,2162.0
101912128,2291.0
101912129,2005.0
101912130,2350.0
101912132,2174.0
101912133,2264.0
101912134,2056.0
101912135,2204.0
101912136,2138.0
101912137,2094.0
101912138,2200.0
101912139,2178.0
101912140,1972.0
101912141,2150.0
101912143,2188.0
101912144,2134.0
101912145,2224.0
101912146,2137.0
101912147,2161.0
101912148,2112.0
101912149,2122.0
101912150,2169.0
101912151,2154.0
101912152,2123.0
101912153,2123.0
101912154,2193.0
101912155,2045.0
101912156,2270.0
101912157,2246.0
101912158,2138.0
101912159,2155.0
101912160,2178.0
101912162,2152.0
101912163,2209.0
101912164,2130.0
101912166,2168.0
101912167,2256.0
101912168,2168.0
101912169,2250.0
101912170,2136.0
101912171,2231.0
101912172,2324.0
101912173,2288.0
101912174,2268.0
101912175,2131.0
101912176,2135.0
101912177,2225.0
101912178,2290.0
101912179,2170.0
101912180,2119.0
101912181,2121.0
101912182,2149.0
101912183,2235.0
101912184,2076.0
101912185,2125.0
101912186,2200.0
101912187,2213.0
101912188,2229.0
101912189,2349.0
101912192,2220.0
101912195,2323.0
101912196,2231.0
101912197,2088.0
101912198,2138.0
101912199,2299.0
101912201,2165.0
101912202,2181.0
101912203,2306.0
101912204,2193.0
101912205,2140.0
101912207,2201.0
101912209,2218.0
101912210,2172.0
101912211,2297.0
101912212,2206.0
101912213,2245.0
101912214,2112.0
101912215,2257.0
101912216,2193.0
101912217,2105.0
101912218,2217.0
101912219,2184.0
101912220,2227.0
101912221,2261.0
101912222,2153.0
101912223,2176.0
101912224,2163.0
101912225,2142.0
101912226,2109.0
101912227,2191.0
101912228,2373.0
101912229,2330.0
101912230,2241.0
101912231,2253.0
101912232,2175.0
101912233,2120.0
101912234,2086.0
101912235,2111.0
101912236,2224.0
101912237,2176.0
101912238,2290.0
101912239,2092.0
101912240,2136.0
101912241,2183.0
101912242,2153.0
101912243,2121.0
101912244,2241.0
101912245,2188.0
101912246,2142.0
101912247,2227.0
101912248,2250.0
101912249,2308.0
101912250,2147.0
101912251,2320.0
101912252,2155.0
101912253,2172.0
101912254,2292.0
101912255,2393.0
101912256,2176.0
101912257,2108.0
101912258,2141.0
101912259,2243.0
101912260,2223.0
101912261,2132.0
101912262,2142.0
101912263,2121.0
101912264,2174.0
101912265,2154.0
101912266,2113.0
101912267,2309.0
101912268,2262.0
101912269,2181.0
101912270,2049.0
101912271,2094.0
101912272,2163.0
101912274,2269.0
101912275,2352.0
101912276,2221.0
101912277,2192.0
101912279,2063.0
101912280,2278.0
101912281,2221.0
101912282,2048.0
101912283,2237.0
101912285,2213.0
101912286,2228.0
101912287,2261.0
101912289,2156.0
101912290,2216.0
101912291,2142.0
101912292,2183.0
101912295,2186.0
101912296,2480.0
101912297,2235.0
101912298,2167.0
101912299,2132.0
101912360,2118.0
101912361,2175.0
101912364,2191.0
101912368,2096.0
101912369,2155.0
101912371,2068.0
101912372,2162.0
101912373,2133.0
101912374,2134.0
101912377,2219.0
101912378,2281.0
101912386,1958.0
101912389,2133.0
101913101,2207.0
101913102,2116.0
101913103,2173.0
101913104,2273.0
101913105,2239.0
101913106,2329.0
101913107,2309.0
101913108,2259.0
101913109,2246.0
101913110,2274.0
101913111,2298.0
101913112,2355.0
101913113,2345.0
101913114,2304.0
101913115,2209.0
101913116,2328.0
101913117,2176.0
101913118,2222.0
101913119,2272.0
101914101,2245.0
101914102,2356.0
101914103,2261.0
101914104,2315.0
101914105,2240.0
101914106,2261.0
101914107,2245.0
101914108,2285.0
101914109,2315.0
101914110,2246.0
101914111,2222.0
101914112,2384.0
101914113,2226.0
101914114,2292.0
101914115,2294.0
101914116,2245.0
101914117,2358.0
101914118,2355.0
101914119,2385.0
101914120,2268.0
101914121,2264.0
101914122,2317.0
101915101,2243.0
101915102,2246.0
101915103,2296.0
101915104,2271.0
101915105,2207.0
101915106,2332.0
101915107,2301.0
101915108,2189.0
101915109,2292.0
101915110,2292.0
101915111,2311.0
101915112,2159.0
101915113,2266.0
101915114,2299.0
101915115,2279.0
101915116,2300.0
101915117,2190.0
101915118,2219.0
101915119,2331.0
101915120,2358.0
101916101,2301.0
101916103,2231.0
101916104,2254.0
101916105,2278.0
101916106,2317.0
101916107,2315.0
101917101,2193.0
101917102,2180.0
101917103,2187.0
101917104,2270.0
101917105,2234.0
101917106,2196.0
101917107,2229.0
101917108,2205.0
101917109,2207.0
101917110,2137.0
101917111,2192.0
101917112,2215.0
101917113,2215.0
101917114,2167.0
101917115,2173.0
101917116,2196.0
101917117,2198.0
101917118,2144.0
101917119,2170.0
101917120,2214.0
101917122,2193.0
101917123,2220.0
101917124,2240.0
101917125,2179.0
101917126,2201.0
101917127,2282.0
101917128,2280.0
101917129,2273.0
101917130,2226.0
101917131,2222.0
101917132,2301.0
101917133,2228.0
101917134,2227.0
101919102,2209.0
101919103,2254.0
101919104,2256.0
101919105,2244.0
101919106,2179.0
101919107,2265.0
101919108,2231.0
101919109,2269.0
101919110,2141.0
101919111,2228.0
101919112,2225.0
101919114,2179.0
101919115,2138.0
101919116,2181.0
101919117,2281.0
101920102,2363.0
101920103,2216.0
101920104,2379.0
101920105,2206.0
101920106,2226.0
101920107,2418.0
101920108,2263.0
101920109,2390.0
101920110,2250.0
101920111,2184.0
101920112,2340.0
101920113,2189.0
101920114,2268.0
101920115,2273.0
101920116,2206.0
101920117,2234.0
101920118,2327.0
101920119,2150.0
101920120,2183.0
101920121,2285.0
101920122,2230.0
101920123,2274.0
101920124,2182.0
101920125,2197.0
101920126,2214.0
101921102,2230.0
101921103,2297.0
101921107,2287.0
101921108,2258.0
101921110,2279.0
101924102,2186.0
101924104,2193.0
101925102,2206.0
102901103,2184.0
102902002,
102902101,2231.0
102902103,2227.0
102902106,2219.0
102902107,2246.0
102902108,2281.0
102902116,2206.0
102903103,2205.0
102904107,2274.0
102905101,2351.0
102906101,2240.0
103901001,2260.0
103902001,2288.0
104901101,2296.0
104902001,2272.0
104903001,2128.0
104907001,2218.0
105802041,2025.0
105902101,2237.0
105902102,2293.0
105902103,2260.0
105902105,2218.0
105904102,2303.0
105905101,2318.0
105906101,2243.0
105906103,2191.0
105906106,2253.0
105906107,2307.0
105906108,2232.0
105906109,2203.0
105906110,2159.0
106901101,2248.0
107901103,2190.0
107902102,2226.0
107902104,2212.0
107904101,2262.0
107905103,2309.0
107906102,2191.0
107907001,2122.0
107908101,2227.0
107910101,2158.0
108807041,2201.0
108808101,2138.0
108902102,2108.0
108902103,2204.0
108902104,2147.0
108902105,2156.0
108902106,2133.0
108902109,2202.0
108902111,2133.0
108902112,2150.0
108902113,2135.0
108902114,2148.0
108902115,2242.0
108902116,2049.0
108903102,2142.0
108903103,2182.0
108903104,2094.0
108903105,2221.0
108904101,2216.0
108904102,2204.0
108904103,2235.0
108904104,2135.0
108904105,2265.0
108904106,2323.0
108904107,2233.0
108904108,2228.0
108904109,2129.0
108904110,2173.0
108904111,2155.0
108904112,2223.0
108904113,2162.0
108904114,2331.0
108904115,2121.0
108904116,2180.0
108904117,2184.0
108904118,2117.0
108904119,2185.0
108904120,2140.0
108904121,2150.0
108904122,2133.0
108904123,2211.0
108904124,2213.0
108904125,2121.0
108904126,2122.0
108904127,2233.0
108905101,2199.0
108905102,2136.0
108905103,2206.0
108906101,2118.0
108906103,2226.0
108906105,2169.0
108906106,2243.0
108906107,2144.0
108906108,2119.0
108906110,2236.0
108906111,2308.0
108906112,2219.0
108906113,2191.0
108906114,2155.0
108906116,2157.0
108906119,2186.0
108906120,2237.0
108906121,2168.0
108906122,2246.0
108906123,2204.0
108906124,2313.0
108906126,2223.0
108907102,2145.0
108907103,2220.0
108907107,2152.0
108908101,2258.0
108908102,2218.0
108908104,2174.0
108908105,2168.0
108908107,2125.0
108908108,2165.0
108908109,2203.0
108908110,2288.0
108908111,2194.0
108908112,2221.0
108908113,2237.0
108908114,2196.0
108908115,2220.0
108909101,2298.0
108909102,2147.0
108909104,2198.0
108909106,2174.0
108909107,2155.0
108909108,2208.0
108909109,2208.0
108909110,2210.0
108909111,2161.0
108909112,2217.0
108909113,2139.0
108909114,2131.0
108909115,2190.0
108909116,2214.0
108909117,2238.0
108909118,2199.0
108909119,2216.0
108909120,2231.0
108909121,2299.0
108909122,2187.0
108909123,2162.0
108909124,2193.0
108909125,2257.0
108909126,2208.0
108909127,2189.0
108910101,2154.0
108911101,2270.0
108911102,2231.0
108911103,2231.0
108911104,2223.0
108911105,2206.0
108912102,2248.0
108912104,2164.0
108912105,2179.0
108912106,2166.0
108912107,2260.0
108912108,2215.0
108912109,2150.0
108912110,2166.0
108912111,2134.0
108912112,2172.0
108912113,2186.0
108912114,2158.0
108912115,2131.0
108912116,2202.0
108912117,2230.0
108912118,2193.0
108913102,2162.0
108913103,2201.0
108913104,2133.0
108913106,2126.0
108913109,2240.0
108913110,2225.0
108913111,2243.0
108913112,2125.0
108913113,2249.0
108913114,2205.0
108914101,2136.0
108915101,2190.0
108916102,2247.0
108916103,2171.0
108916104,2203.0
109901001,2245.0
109902001,2125.0
109903001,2221.0
109904109,2238.0
109905101,2251.0
109907101,2275.0
109908101,2056.0
109910101,2211.0
109911102,2247.0
109912001,2210.0
109913101,2152.0
109914001,2214.0
110901101,2164.0
110902101,2277.0
110902102,2239.0
110902105,2217.0
110905001,2174.0
110906101,2204.0
110907101,2279.0
110908001,2297.0
111901103,2174.0
111901106,2238.0
111901107,2293.0
111901108,2220.0
111902101,2146.0
111903101,2307.0
112901101,2226.0
112901104,2264.0
112901105,2292.0
112901106,2286.0
112905101,2252.0
112906101,2176.0
112907001,2236.0
112908001,2248.0
112909001,2225.0
112910001,2227.0
113901102,2121.0
113902102,2191.0
113903102,2205.0
113905101,2233.0
113906101,2145.0
114901102,2152.0
114901108,2281.0
114901110,2160.0
114901111,2254.0
114901113,2249.0
114902101,2279.0
114904101,2255.0
115901001,2136.0
115902001,2213.0
115903001,2105.0
116801001,2218.0
116901101,2268.0
116902101,2244.0
116903104,2221.0
116905102,2259.0
116905103,2184.0
116905104,2265.0
116905106,2299.0
116905107,2231.0
116906101,2331.0
116908101,2201.0
116909101,2334.0
116910101,2154.0
116915101,2263.0
116916101,2208.0
117901104,2162.0
117901105,2307.0
117901106,2252.0
117903101,2267.0
117904101,2359.0
117907101,2246.0
118902101,2279.0
119901001,2303.0
119902101,2282.0
119903101,2203.0
120901101,2207.0
120902101,2267.0
120905101,2316.0
120905102,2254.0
121902101,2283.0
121903101,2269.0
121904103,2209.0
121905103,2197.0
121906101,2256.0
122901101,2216.0
122902001,2074.0
123801101,2033.0
123803101,2313.0
123805001,2087.0
123905101,2291.0
123905102,2267.0
123905103,2317.0
123905104,2278.0
123907102,2212.0
123907103,2220.0
123907104,2191.0
123907105,2292.0
123907108,2258.0
123907109,2178.0
123907110,2208.0
123907113,2116.0
123908101,2271.0
123908102,2257.0
123910101,2241.0
123910102,2142.0
123910103,2240.0
123910104,2140.0
123910105,2317.0
123910107,2198.0
123910108,2153.0
123910109,2161.0
123910110,2117.0
123910111,2130.0
123910112,2198.0
123910113,2253.0
123910114,2122.0
123910115,2160.0
123910117,2263.0
123910118,2301.0
123910123,2199.0
123910125,2119.0
123910126,2251.0
123913001,2236.0
123914102,2246.0
124901101,2159.0
125901101,2218.0
125901102,2226.0
125901104,2243.0
125901105,2090.0
125901106,2148.0
125901107,2195.0
125902041,2108.0
125903102,2245.0
125905101,2173.0
125906101,2214.0
126901101,2233.0
126901102,2210.0
126901103,2189.0
126902101,2275.0
126902102,2227.0
126902103,2234.0
126902104,2251.0
126902105,2196.0
126902107,2284.0
126902108,2274.0
126903101,2215.0
126903102,2252.0
126903103,2285.0
126903104,2142.0
126903108,2331.0
126904102,2301.0
126905101,2215.0
126905103,2252.0
126905104,2306.0
126906104,2208.0
126907101,2212.0
126908101,2196.0
126911042,2232.0
127901101,2295.0
127903102,2198.0
127904101,2166.0
127905101,2256.0
127906101,2197.0
128901105,2266.0
128902104,2218.0
128903101,2179.0
128904101,2276.0
129901102,2262.0
129902101,2278.0
129902102,2280.0
129902103,2343.0
129902104,2264.0
129903101,2227.0
129904102,2186.0
129905103,2213.0
129905104,2231.0
129905105,2215.0
129906102,2199.0
129910101,2255.0
130901101,2307.0
130901102,2282.0
130901103,2336.0
130901104,2315.0
130902101,2231.0
131001103,2509.0
132902001,
133901101,2223.0
133902101,2184.0
133903101,2293.0
133903102,2270.0
133903103,2307.0
133903109,2292.0
133904101,2199.0
133905101,
134901101,2260.0
135001001,
136901101,2146.0
137901106,2174.0
137901110,2243.0
137902101,2213.0
137903101,2266.0
137904101,2205.0
138902101,2388.0
138903101,2237.0
138904001,
139905101,2205.0
139908101,2130.0
139909108,2202.0
139909109,2283.0
139911102,2229.0
139911104,2247.0
139912101,2197.0
139912102,2325.0
140901001,2138.0
140904102,2230.0
140905102,2171.0
140906001,2210.0
140907101,2287.0
140908101,2274.0
141801001,
141901103,2234.0
141902001,2205.0
142901102,2143.0
142901104,2127.0
143901101,2222.0
143902101,2285.0
143903101,2190.0
143904101,2316.0
143905101,2258.0
143906101,2329.0
144901103,2225.0
144902101,2183.0
144903001,2131.0
145901102,2192.0
145902101,2252.0
145906101,2185.0
145907102,2212.0
145911102,2256.0
146901102,2196.0
146902102,2178.0
146903101,2176.0
146904102,2218.0
146905101,2237.0
146906103,2268.0
146907102,2235.0
147901101,2219.0
147902101,2196.0
147903101,
147903105,2155.0
148901101,2358.0
148902001,2271.0
148903001,2300.0
148905101,2412.0
149901101,2294.0
149902101,2154.0
150901101,2323.0
150901102,2255.0
152802101,2321.0
152901101,2159.0
152901102,2261.0
152901103,2149.0
152901104,2261.0
152901106,2201.0
152901108,2201.0
152901109,2205.0
152901110,2286.0
152901111,2207.0
152901112,2271.0
152901113,2145.0
152901114,2212.0
152901115,2044.0
152901116,2175.0
152901117,2231.0
152901120,2188.0
152901122,2252.0
152901124,2272.0
152901128,2221.0
152901132,2222.0
152901133,2155.0
152901134,2249.0
152901135,2315.0
152901136,2184.0
152901137,2145.0
152901139,2241.0
152901140,2340.0
152901142,2274.0
152901143,2350.0
152901144,2359.0
152901145,2242.0
152901146,2233.0
152901147,2334.0
152901151,2118.0
152902101,2202.0
152903101,2197.0
152906101,2318.0
152906103,2271.0
152907101,2268.0
152907103,2297.0
152907104,2354.0
152907105,2244.0
152908101,2263.0
152909102,2247.0
152910101,2182.0
153903101,2195.0
153904101,2155.0
153905001,2248.0
153907001,2142.0
154901102,2190.0
154903101,2212.0
155901042,2217.0
156902101,2271.0
156905001,2317.0
157901101,2308.0
158901043,2158.0
158901045,2214.0
158902101,2218.0
158902102,2190.0
158904101,2216.0
158905102,2197.0
158906103,2217.0
159901101,2231.0
159901102,2152.0
159901104,2206.0
159901105,2185.0
159901106,2190.0
159901107,2163.0
159901109,2156.0
159901110,2115.0
159901111,2211.0
159901113,2146.0
159901115,2127.0
159901117,2105.0
159901118,2148.0
159901120,2308.0
160901101,2243.0
160904001,2215.0
160905001,
161801101,2166.0
161802101,2177.0
161901101,2284.0
161903101,2311.0
161903102,2273.0
161903103,2298.0
161903104,2268.0
161903105,2359.0
161906103,2099.0
161907101,2273.0
161908102,2204.0
161909101,2185.0
161910101,2221.0
161912101,2307.0
161914101,2204.0
161914103,2168.0
161914104,2124.0
161914105,2182.0
161914106,2169.0
161914107,2224.0
161914108,2074.0
161914109,2262.0
161914110,2159.0
161914112,2284.0
161914115,2244.0
161914116,2280.0
161914118,2171.0
161914120,2242.0
161914121,2268.0
161914125,2117.0
161914126,2268.0
161914127,2317.0
161914129,2102.0
161914130,2087.0
161916101,2282.0
161918101,2328.0
161919042,2204.0
161920104,2313.0
161921104,2159.0
161922103,2286.0
161923101,2262.0
161924101,2191.0
161925101,2282.0
162904001,2291.0
163901102,2181.0
163902001,2326.0
163903101,2211.0
163904105,2231.0
163908102,2281.0
164901101,2242.0
165802101,2236.0
165901101,2189.0
165901102,2170.0
165901104,2191.0
165901105,2184.0
165901106,2243.0
165901107,2299.0
165901108,2189.0
165901109,2276.0
165901110,2244.0
165901111,2229.0
165901112,2225.0
165901113,2121.0
165901114,2318.0
165901116,2210.0
165901117,2139.0
165901118,2202.0
165901122,2293.0
165901123,2267.0
165901125,2347.0
165901127,2305.0
165901128,2339.0
165901129,2278.0
165901130,2275.0
165902102,2288.0
166901101,2206.0
166902101,2363.0
166903102,2215.0
166904101,2216.0
166905101,2237.0
166907001,2189.0
167901101,2278.0
167902101,
167903001,1951.0
167904001,2070.0
168901101,2223.0
168902001,2254.0
168903001,2257.0
169901042,2280.0
169902101,2252.0
169906101,
169908101,
169909101,2275.0
169910001,2328.0
169911101,2269.0
170902071,2359.0
170902101,2217.0
170902102,2216.0
170902103,2216.0
170902104,2167.0
170902105,2176.0
170902106,2175.0
170902107,2230.0
170902108,2322.0
170902109,2280.0
170902111,2302.0
170902112,2280.0
170902113,2300.0
170902114,2274.0
170902115,2191.0
170902116,2331.0
170902117,2283.0
170902118,2336.0
170902119,2293.0
170902120,2397.0
170902121,2364.0
170902122,2368.0
170902123,2401.0
170903102,2294.0
170904101,2265.0
170904104,2311.0
170904106,2298.0
170906102,2272.0
170906103,2158.0
170906104,2274.0
170906105,2236.0
170906106,2214.0
170906107,2297.0
170907102,2161.0
170908101,2272.0
170908102,2249.0
170908104,2277.0
170908106,2235.0
170908107,2268.0
171901101,2128.0
171901102,2226.0
171901103,2278.0
171901104,2211.0
171901105,2242.0
171902101,2188.0
172902101,2245.0
172902103,2237.0
172905102,2236.0
173901001,2289.0
174901101,2252.0
174902002,2273.0
174903101,2202.0
174904102,2198.0
174904103,2214.0
174904104,2201.0
174904105,2212.0
174904108,2273.0
174906101,2276.0
174908101,2286.0
174909001,2140.0
174910101,2153.0
174911001,2309.0
175902101,2199.0
175903101,2261.0
175903102,2145.0
175903103,2194.0
175903107,2106.0
175904101,2196.0
175905101,2248.0
175907001,2208.0
175910101,2302.0
175911101,2188.0
176901101,2220.0
176902104,2188.0
176903101,2237.0
177901101,2294.0
177902104,2278.0
177903001,2219.0
177905001,2199.0
178802101,2303.0
178901101,2098.0
178902101,2270.0
178902103,2236.0
178903103,2260.0
178904101,2232.0
178904103,2210.0
178904104,2198.0
178904105,2189.0
178904106,2292.0
178904107,2244.0
178904108,2183.0
178904110,2209.0
178904111,2175.0
178904115,2200.0
178904116,2194.0
178904117,2237.0
178904118,2211.0
178904119,2220.0
178904120,2223.0
178904121,2226.0
178904122,2206.0
178904123,2201.0
178904124,2210.0
178904125,2253.0
178904127,2201.0
178904129,2210.0
178904130,2216.0
178904132,2327.0
178904134,2250.0
178904136,2193.0
178904137,2157.0
178904138,2208.0
178904139,2381.0
178904140,2182.0
178904141,2262.0
178904142,2164.0
178904146,2264.0
178904148,2181.0
178904149,2320.0
178904150,2211.0
178904151,2282.0
178904152,2236.0
178904154,2287.0
178905101,2136.0
178906101,2338.0
178908101,2172.0
178909101,2129.0
178909103,2240.0
178909104,2204.0
178912104,2244.0
178913101,2238.0
178914101,2251.0
178915104,2170.0
179901103,2242.0
180901101,2448.0
180902101,2345.0
180903001,2242.0
180904101,2268.0
181901103,2321.0
181905102,2236.0
181906101,2172.0
181906102,2148.0
181906103,2182.0
181907101,2291.0
181907102,2281.0
181907103,2321.0
181908102,2248.0
181908103,2298.0
182901001,2231.0
182902101,2161.0
182903105,2218.0
182904101,2226.0
182905001,2158.0
182906101,2229.0
183901101,2233.0
183902101,2201.0
183904001,2228.0
184901101,2199.0
184902106,2208.0
184902107,2290.0
184903102,2284.0
184903103,2231.0
184903105,2297.0
184903106,2261.0
184903108,2297.0
184903109,2294.0
184903110,2260.0
184904101,2199.0
184907101,2290.0
184907102,2328.0
184907103,2346.0
184908101,2250.0
184909101,2340.0
184911101,2332.0
185901101,2136.0
185902101,2325.0
185903101,2206.0
185904001,2255.0
186901001,2237.0
186902101,2182.0
186903101,2292.0
187901001,2258.0
187903101,2193.0
187904103,2196.0
187906101,2196.0
187907102,2214.0
187907103,2246.0
187910101,2213.0
188901101,2221.0
188901102,2323.0
188901103,2281.0
188901104,2270.0
188901105,2204.0
188901106,2129.0
188901107,2147.0
188901108,2181.0
188901109,2193.0
188901111,2274.0
188901112,2169.0
188901113,2195.0
188901114,2184.0
188901115,2099.0
188901119,2254.0
188901120,2313.0
188901121,2297.0
188901122,2218.0
188901123,2308.0
188901124,2208.0
188901125,2208.0
188901126,2158.0
188901127,2375.0
188901128,2243.0
188901130,2301.0
188901131,2304.0
188901132,2191.0
188901133,2235.0
188901134,2192.0
188901135,2246.0
188901139,2347.0
188901140,2345.0
188901141,2338.0
188901142,2379.0
188901170,2260.0
188902101,2231.0
188903101,2246.0
188904101,2322.0
189901101,2169.0
189902101,2132.0
190903051,2262.0
191901101,2273.0
191901104,2300.0
191901105,2230.0
191901106,2250.0
191901107,2334.0
191901108,2343.0
191901109,2329.0
192901101,2251.0
193902001,2204.0
194902101,2204.0
194903103,2362.0
194904103,2182.0
194905101,2285.0
195901109,2183.0
195902001,2199.0
196901102,2168.0
196902102,2261.0
196903103,2205.0
197902001,2265.0
198901101,2290.0
198902101,2101.0
198903101,2248.0
198905103,2135.0
198906101,2184.0
199901101,2331.0
199901102,2266.0
199901103,2252.0
199901105,2339.0
199901106,2330.0
199901107,2342.0
199901108,2341.0
199901109,2312.0
199901110,2419.0
199902102,2155.0
199902104,2250.0
200901101,2269.0
200902101,2200.0
200904101,2221.0
200906101,
201902108,2217.0
201903001,2260.0
201904101,2262.0
201907101,2230.0
201908101,2208.0
201910102,2195.0
201913001,2168.0
201914104,2230.0
202903101,2272.0
202905102,2238.0
203901102,2191.0
203902101,2205.0
204901103,2200.0
204904102,2263.0
205901104,2167.0
205902101,2215.0
205902102,2277.0
205902103,2369.0
205902104,2270.0
205903104,2231.0
205904102,2146.0
205905101,2239.0
205906105,2216.0
205907101,2132.0
206901101,2265.0
206902001,2162.0
206903101,2334.0
207901101,2280.0
208901001,2310.0
208902102,2202.0
208903001,2267.0
209901101,2297.0
209902001,
210901102,2211.0
210902102,2223.0
210903002,2245.0
210904101,2145.0
210905101,2240.0
210906101,
211901101,2192.0
211902102,2309.0
212801101,2095.0
212803001,
212901101,2234.0
212902102,2229.0
212903002,
212903102,2291.0
212904102,2249.0
212905101,2165.0
212905102,2259.0
212905103,2247.0
212905104,2217.0
212905106,2293.0
212905107,2234.0
212905108,2146.0
212905109,2344.0
212905110,2278.0
212905111,2168.0
212905112,2191.0
212905114,2191.0
212905115,2262.0
212905116,2268.0
212905117,2297.0
212905119,2261.0
212906103,2271.0
212909103,2203.0
212910101,2253.0
213901102,2205.0
214901102,2081.0
214901103,2169.0
214901104,2168.0
214901105,2172.0
214901107,2152.0
214901108,2222.0
214901110,2189.0
214901111,2118.0
214902101,2206.0
214903101,2139.0
214903103,2228.0
214903105,2172.0
214903106,2141.0
215901103,2202.0
216901101,2213.0
217901101,2245.0
218901101,2199.0
219901101,2340.0
219903102,2193.0
219905101,2217.0
220801001,2219.0
220802101,2246.0
220808001,2174.0
220809001,2237.0
220810001,2377.0
220901101,2158.0
220901102,2222.0
220901103,2251.0
220901104,2244.0
220901109,2115.0
220901110,2124.0
220901111,2171.0
220901112,2183.0
220901113,2256.0
220901114,2096.0
220901116,2172.0
220901117,2301.0
220901119,2190.0
220901120,2310.0
220901121,2159.0
220901122,2190.0
220901123,2218.0
220901124,2141.0
220901125,2236.0
220901126,2199.0
220901128,2304.0
220901129,2320.0
220901130,2298.0
220901131,2156.0
220901132,2143.0
220901133,2275.0
220901134,2271.0
220901135,2276.0
220901136,2215.0
220901137,2292.0
220901140,2176.0
220901141,2249.0
220901142,2232.0
220901143,2146.0
220901144,2286.0
220901145,2181.0
220901146,2282.0
220901147,2270.0
220901148,2126.0
220901149,2323.0
220901150,2124.0
220901151,2300.0
220901152,2260.0
220901153,2155.0
220901154,2187.0
220901155,2208.0
220901157,2176.0
220901158,2273.0
220901159,2169.0
220902101,2211.0
220902102,2172.0
220902103,2189.0
220902104,2155.0
220902105,2273.0
220902106,2209.0
220902107,2328.0
220902108,2328.0
220902109,2181.0
220902110,2227.0
220902111,2192.0
220902112,2250.0
220902113,2249.0
220902114,2220.0
220902115,2316.0
220902116,2208.0
220902117,2246.0
220902118,2268.0
220902119,2246.0
220902120,2373.0
220904101,2237.0
220904102,2155.0
220904103,2166.0
220904104,2173.0
220905063,2231.0
220905101,2307.0
220905103,2294.0
220905104,
220905105,2118.0
220905107,2279.0
220905110,2158.0
220905111,2209.0
220905114,2172.0
220905115,2152.0
220905116,2261.0
220905117,2153.0
220905119,2148.0
220905120,2145.0
220905121,2182.0
220905122,2156.0
220905123,2077.0
220905124,2112.0
220905125,2118.0
220905126,2193.0
220905127,2270.0
220905130,2243.0
220905132,2189.0
220905133,2168.0
220905134,2194.0
220905135,2165.0
220905137,2154.0
220905138,2257.0
220905139,2171.0
220905141,2189.0
220905143,2183.0
220905144,2126.0
220905146,2128.0
220905147,2157.0
220905148,2273.0
220905149,2181.0
220905150,2120.0
220905151,2227.0
220905152,2153.0
220905153,2136.0
220905154,2230.0
220905156,2329.0
220905157,2260.0
220905159,2163.0
220905160,2188.0
220905161,2141.0
220905162,2193.0
220905163,2228.0
220905165,2131.0
220905166,2245.0
220905167,2189.0
220905168,2203.0
220905169,2157.0
220905171,2356.0
220905172,2124.0
220905175,2129.0
220905176,2316.0
220905177,2215.0
220905178,2176.0
220905180,2186.0
220905184,2143.0
220905186,2173.0
220905187,2338.0
220905188,2140.0
220905190,2180.0
220905194,2312.0
220905206,2237.0
220905207,2254.0
220905208,2106.0
220905209,2171.0
220905216,2268.0
220905217,2144.0
220905219,2205.0
220905220,2245.0
220905222,2158.0
220905225,2178.0
220906101,2233.0
220906102,2289.0
220906103,2318.0
220906104,2245.0
220906105,2342.0
220906106,2290.0
220906107,2372.0
220906108,2301.0
220906109,2314.0
220906110,2276.0
220906111,2360.0
220907101,2288.0
220907102,2312.0
220907103,2339.0
220907105,2231.0
220907106,2276.0
220907108,2314.0
220907109,2311.0
220907110,2292.0
220907111,2268.0
220907112,2368.0
220907113,2309.0
220907116,2307.0
220907117,2282.0
220908101,2261.0
220908103,2304.0
220908105,2334.0
220908106,2340.0
220908107,2263.0
220908109,2230.0
220908110,2307.0
220908111,2228.0
220908112,2251.0
220908113,2235.0
220908115,2341.0
220908117,2221.0
220909101,
220910101,2137.0
220910103,2207.0
220912101,2277.0
220912102,2175.0
220912103,2287.0
220912104,2205.0
220912105,2240.0
220912106,2182.0
220912107,2357.0
220912108,2287.0
220914101,2247.0
220914103,2181.0
220915102,2275.0
220915103,2244.0
220915105,2211.0
220915106,2292.0
220915107,
220915108,2294.0
220916102,2134.0
220916103,2226.0
220916105,2201.0
220916106,2188.0
220916107,2339.0
220916108,2248.0
220916110,2230.0
220916111,2174.0
220916112,2241.0
220916113,2255.0
220916114,2199.0
220916115,2252.0
220916116,2264.0
220916117,2252.0
220916118,2299.0
220916119,2327.0
220916121,2273.0
220916122,2275.0
220916123,2244.0
220917101,2200.0
220917104,2178.0
220918101,2198.0
220918102,2265.0
220918103,2299.0
220918104,2265.0
220918105,2226.0
220918106,2300.0
220918107,2266.0
220919101,2355.0
220919102,2358.0
220919103,2332.0
220919104,2376.0
220919107,2380.0
220920101,2256.0
220920102,2211.0
220920103,2267.0
220920104,2246.0
221901102,2352.0
221901103,2319.0
221901104,2258.0
221901106,2207.0
221901108,2323.0
221901110,2194.0
221901112,2285.0
221901113,2254.0
221901116,2213.0
221901118,2260.0
221901120,2229.0
221901121,2287.0
221901124,
221901150,2326.0
221901151,2247.0
221901152,2265.0
221901153,2335.0
221904103,2267.0
221904104,2255.0
221905001,2144.0
221911101,2309.0
221911102,2312.0
221912103,2301.0
222901101,2261.0
223901102,2161.0
223902001,2228.0
223904001,2286.0
224901101,2232.0
224902001,2201.0
225902101,2221.0
225905101,2265.0
225906101,2221.0
225907101,2202.0
226901101,2326.0
226903101,2197.0
226903102,2249.0
226903103,2235.0
226903104,2200.0
226903105,2331.0
226903106,2117.0
226903108,2235.0
226903110,2232.0
226903111,2196.0
226903112,2191.0
226903113,2284.0
226903114,2273.0
226903115,2269.0
226903116,2161.0
226903117,2245.0
226903119,2148.0
226903120,2351.0
226903121,2299.0
226903122,2298.0
226905101,2294.0
226905180,
226906101,2317.0
226907101,2225.0
226908101,2161.0
227802101,2075.0
227803101,2209.0
227804101,2307.0
227806007,
227806008,
227806015,
227806021,
227806026,
227811101,2155.0
227812001,
227814001,2266.0
227817101,2120.0
227901030,
227901101,2181.0
227901102,2211.0
227901103,2379.0
227901104,2179.0
227901105,2095.0
227901106,2164.0
227901107,2242.0
227901108,2210.0
227901109,2163.0
227901110,2341.0
227901111,2136.0
227901112,2380.0
227901113,2244.0
227901114,2240.0
227901116,2131.0
227901117,2327.0
227901118,2102.0
227901119,2347.0
227901120,2247.0
227901121,2396.0
227901122,2137.0
227901123,2287.0
227901124,2174.0
227901125,2117.0
227901126,2174.0
227901127,2128.0
227901128,2255.0
227901129,2110.0
227901130,2204.0
227901132,2272.0
227901133,2168.0
227901136,2156.0
227901138,2295.0
227901139,2147.0
227901140,2189.0
227901141,2182.0
227901142,2137.0
227901143,2327.0
227901144,2167.0
227901145,2137.0
227901146,2340.0
227901147,2243.0
227901148,2290.0
227901149,2152.0
227901150,2160.0
227901151,2251.0
227901152,2239.0
227901154,2355.0
227901155,2378.0
227901156,2208.0
227901157,2150.0
227901158,2210.0
227901159,2229.0
227901160,2150.0
227901161,2166.0
227901162,2146.0
227901163,2173.0
227901164,2194.0
227901165,2134.0
227901166,2187.0
227901168,2142.0
227901170,2257.0
227901171,2155.0
227901172,2293.0
227901173,2236.0
227901174,2164.0
227901175,2131.0
227901176,2212.0
227901178,2150.0
227901179,2337.0
227901180,2400.0
227901181,2332.0
227901182,2321.0
227901183,2262.0
227901251,
227904101,2233.0
227904102,2279.0
227904103,2357.0
227904104,2235.0
227904105,2206.0
227904106,2254.0
227904107,2221.0
227904108,2260.0
227904109,2274.0
227904111,2156.0
227904112,2289.0
227904114,2287.0
227906001,
227907101,2185.0
227907102,2124.0
227907104,2113.0
227909101,2365.0
227909102,2347.0
227909103,2350.0
227909104,2394.0
227909105,2313.0
227909106,2414.0
227910101,2229.0
227910106,2227.0
227910107,2207.0
227910108,2228.0
227910109,2238.0
227910110,2213.0
227912101,2264.0
227913102,2357.0
227913103,2283.0
227913104,2310.0
228901102,2238.0
228903103,2105.0
228904101,
228905101,2273.0
229901101,2261.0
229903103,2221.0
229904101,2216.0
229904103,2255.0
229905101,2231.0
229906101,2142.0
230901101,2221.0
230902103,2197.0
230903102,2298.0
230904101,2268.0
230905102,2266.0
230906101,2304.0
230908101,2282.0
231901102,2221.0
231902101,2297.0
232801001,2086.0
232901001,2298.0
232902101,2219.0
232903101,2201.0
232903103,2203.0
232903104,2249.0
232903107,2114.0
232904001,2325.0
233901102,2147.0
233901103,2259.0
233901105,2176.0
233901106,2179.0
233901110,2225.0
233901111,2161.0
233901112,2173.0
233901113,2215.0
233903001,2288.0
234902102,2308.0
234903042,2220.0
234904102,2259.0
234905101,2307.0
234906102,2260.0
234907101,2260.0
234909101,2218.0
235801001,2069.0
235901103,2153.0
235902101,2280.0
235902102,2267.0
235902103,2155.0
235902104,2302.0
235902105,2143.0
235902106,2218.0
235902108,2223.0
235902110,2171.0
235902111,2229.0
235902112,2171.0
235902114,2243.0
235902115,2149.0
235902117,2316.0
235902118,2290.0
235902123,2303.0
235904101,2296.0
236901102,2294.0
236902101,2282.0
236902102,2277.0
236902103,2192.0
236902104,2183.0
236902106,2243.0
237902101,2128.0
237904101,2263.0
237904102,2266.0
237904104,2188.0
237904106,2249.0
237905105,2159.0
238902108,2260.0
238904001,
239901101,2239.0
239901102,2313.0
239901103,2279.0
239903101,2204.0
240901101,2157.0
240901102,2172.0
240901104,2141.0
240901105,2068.0
240901106,2176.0
240901107,2099.0
240901108,2116.0
240901109,2139.0
240901110,2212.0
240901111,2136.0
240901112,2191.0
240901115,2200.0
240901116,2161.0
240901119,2181.0
240901120,2166.0
240901121,2107.0
240901122,2112.0
240901123,2084.0
240901124,2096.0
240901125,2183.0
240902101,
240903103,2226.0
240903105,2230.0
240903107,2180.0
240903109,2186.0
240903110,2226.0
240903111,2109.0
240903112,2163.0
240903113,2118.0
240903114,2264.0
240903115,2126.0
240903116,2236.0
240903117,2182.0
240903118,2113.0
240903119,2127.0
240903120,2192.0
240903121,2122.0
240903122,2206.0
240903123,2143.0
240903124,2104.0
240903125,2234.0
240903126,2161.0
240903127,2112.0
240904102,2236.0
241901101,2264.0
241902101,2242.0
241903103,2226.0
241904103,2249.0
241906101,2236.0
242902101,2221.0
242903001,2256.0
242905001,
242906001,2131.0
243801001,2107.0
243901101,2209.0
243901103,2234.0
243901104,2310.0
243902101,2155.0
243903101,2277.0
243905101,2205.0
243905102,2181.0
243905103,2156.0
243905105,2080.0
243905107,2274.0
243905108,2287.0
243905109,2276.0
243905110,2171.0
243905111,2289.0
243905112,2267.0
243905114,2295.0
243905115,
243905116,2143.0
243905117,2198.0
243905118,2280.0
243905120,2305.0
243905121,2236.0
243905123,2246.0
243905125,2211.0
243905126,2299.0
243906101,2219.0
244901001,2192.0
244903104,2200.0
244905001,2139.0
245901101,2288.0
245902106,2175.0
245903102,2184.0
245903105,2198.0
245904101,2282.0
246902101,2148.0
246904104,2262.0
246904105,2282.0
246904106,2270.0
246904107,2315.0
246904108,2242.0
246905001,2232.0
246906101,2246.0
246907101,2321.0
246908102,2282.0
246909101,2186.0
246909105,2319.0
246909106,2210.0
246909107,2287.0
246909108,2312.0
246909109,2291.0
246909110,2322.0
246909111,2261.0
246909113,2283.0
246909114,2318.0
246909115,2236.0
246909116,2360.0
246909117,2296.0
246909118,2208.0
246909119,2245.0
246909120,2276.0
246909121,2279.0
246909122,2278.0
246909123,2381.0
246909124,2266.0
246909125,2389.0
246909126,2301.0
246909127,2321.0
246909128,2323.0
246909130,2349.0
246909132,2340.0
246909137,2236.0
246911102,2189.0
246912101,2180.0
246913101,2250.0
246913102,2276.0
246913103,2252.0
246913104,2307.0
246913105,2200.0
246913106,2157.0
246913107,2311.0
246913108,2275.0
246913109,2240.0
246913110,2277.0
246913111,2369.0
246913112,2229.0
246914101,2254.0
247901102,2258.0
247903101,2217.0
247904101,2274.0
247906101,2241.0
248901104,2172.0
248902101,2240.0
249901101,2298.0
249902110,2232.0
249903102,2240.0
249904101,2201.0
249905101,2265.0
249905103,2249.0
249906050,2295.0
249908001,2242.0
250902101,2286.0
250903102,2250.0
250904101,2311.0
250905101,2287.0
250906101,2249.0
250907103,2280.0
251901101,2268.0
251902101,2238.0
252901105,2216.0
252902101,2228.0
252903101,2193.0
253901101,2109.0
253901106,2172.0
253901107,2155.0
254901104,2176.0
254902101,2181.0
